Player,Team,Position,Floor_5th,Median_50th,Ceiling_95th
Brock Purdy,SF,QB,11.7,26.5,47.1
Tyler Shough,NO,QB,11.8,26.3,46.5
Bryce Young,CAR,QB,11.7,25.5,44.1
Jared Goff,DET,QB,11.9,24.9,43.6
Patrick Mahomes,KC,QB,9.9,24.5,44
Kirk Cousins,LV,QB,9.1,24,44.3
Josh Allen,BUF,QB,10.1,23.9,43.7
Dak Prescott,DAL,QB,10.2,22.8,41.2
Lamar Jackson,BAL,QB,9.7,22.2,39.8
Joe Burrow,CIN,QB,9.5,22.1,39.7
Jordan Love,GB,QB,7.3,20.1,37.6
C.J. Stroud,HOU,QB,9.9,19.5,34.1
Jalen Hurts,PHI,QB,6.6,19.4,37.5
Trevor Lawrence,JAX,QB,6.8,19.4,37
Deshaun Watson,CLE,QB,7.7,19,35
Aaron Rodgers,PIT,QB,6.4,18,34.9
Matthew Stafford,LA,QB,6.7,17.6,33.7
Jacoby Brissett,ARI,QB,5.3,16.8,33.1
Geno Smith,NYJ,QB,7.3,16.4,30.9
Sam Darnold,SEA,QB,4.1,16.1,32.4
Bo Nix,DEN,QB,5.2,15.2,31.1
Drake Maye,NE,QB,3.9,13.6,27.8
Cam Ward,TEN,QB,4.7,12.9,26.5
Justin Herbert,LAC,QB,3.5,12.7,26.3
Daniel Jones,IND,QB,2.9,11.1,24.7
Malik Willis,MIA,QB,4.6,10.9,22.4
Jameis Winston,NYG,QB,1.9,10.1,23
Kyler Murray,MIN,QB,2.2,7,16.2
Jahmyr Gibbs,DET,RB,8.7,27.3,56.4
Kenneth Walker III,KC,RB,8.7,25.3,52.9
Bijan Robinson,ATL,RB,8.6,24.2,50.2
Kyren Williams,LA,RB,7,21.3,45
Jonathan Taylor,IND,RB,6.1,20.1,44.3
Derrick Henry,BAL,RB,5.3,20,46.4
Javonte Williams,DAL,RB,5,18.6,40.6
Christian McCaffrey,SF,RB,4.8,17.1,37.4
Chuba Hubbard,CAR,RB,4.7,16.8,37.6
Ashton Jeanty,LV,RB,5.4,16.7,37.4
James Cook,BUF,RB,4.7,15.6,35.4
D'Andre Swift,CHI,RB,4.6,15.3,33.7
Jaylen Warren,PIT,RB,5,13.5,26.9
Chase Brown,CIN,RB,4.4,13.3,28.2
Kyle Monangai,CHI,RB,3.5,12.9,30.4
Aaron Jones,MIN,RB,3.9,11.8,25.3
Bhayshul Tuten,JAX,RB,3.3,11.4,26.2
Bucky Irving,TB,RB,3.8,11.4,24.3
Jeremiyah Love,ARI,RB,3.3,11.1,26
Omarion Hampton,LAC,RB,2.7,10.8,26.8
Alvin Kamara,NO,RB,2.3,10.5,25.9
Quinshon Judkins,CLE,RB,3.1,10.5,23.6
RJ Harvey,DEN,RB,2.4,10.1,24.9
Brian Robinson,ATL,RB,1.7,9.9,26.2
Cam Skattebo,NYG,RB,3.1,9.9,22.1
Rhamondre Stevenson,NE,RB,2.8,9.9,22.6
Ollie Gordon II,MIA,RB,2.2,9.4,24
David Montgomery,HOU,RB,1.5,9.1,24.2
Tony Pollard,TEN,RB,2.8,8.6,20
Emanuel Wilson,SEA,RB,1.7,7.6,20.1
Jacory Croskey-Merritt,WAS,RB,1.6,6.7,17.4
Tyler Allgeier,ARI,RB,1.4,6.2,16.6
TreVeyon Henderson,NE,RB,1.3,5.9,17.3
Saquon Barkley,PHI,RB,1.5,5.4,11.6
Braelon Allen,NYJ,RB,1.2,5.3,15.3
Blake Corum,LA,RB,1.3,5.2,11.2
J.K. Dobbins,DEN,RB,1.2,4.8,10.6
Trey McBride,ARI,TE,2.2,14.8,40.6
Juwan Johnson,NO,TE,1.5,13,39
Sam LaPorta,DET,TE,1.4,11.8,34.5
George Kittle,SF,TE,0,11.5,36.8
Isaiah Likely,NYG,TE,1.1,10.9,32.9
Travis Kelce,KC,TE,0,10.7,33.4
Mike Gesicki,CIN,TE,0,10.3,32.6
Tyler Warren,IND,TE,1.2,10.1,30
Harold Fannin Jr.,CLE,TE,0,9.9,31.7
T.J. Hockenson,MIN,TE,1.2,9.9,29.3
Tyler Higbee,LA,TE,0,9.6,29
Dalton Kincaid,BUF,TE,0,9.2,28.9
Dalton Schultz,HOU,TE,1.1,9.1,25.7
Michael Mayer,LV,TE,0,8.8,26.9
Darren Waller,CAR,TE,0,8.1,27.2
Mark Andrews,BAL,TE,0,8,24.9
Pat Freiermuth,PIT,TE,0,7.7,25.9
Brenton Strange,JAX,TE,0,7.3,24.3
Tucker Kraft,GB,TE,0,7.3,23.6
Kenyon Sadiq,NYJ,TE,0,6.7,22.5
Cade Otton,TB,TE,0,6.4,19.3
Colston Loveland,CHI,TE,0,4.1,13
Jaxon Smith-Njigba,SEA,WR,3.3,24.4,65.6
CeeDee Lamb,DAL,WR,4.2,24.1,64.5
Chris Olave,NO,WR,3.1,19.7,52.4
Amon-Ra St. Brown,DET,WR,2.5,19.4,55.5
Zay Flowers,BAL,WR,2.4,17.3,47.3
Tetairoa McMillan,CAR,WR,2.3,16.3,46.4
Christian Watson,GB,WR,1.7,15.7,46.7
Tee Higgins,CIN,WR,2.3,15.3,42.1
Davante Adams,LA,WR,2,14.7,41.7
Garrett Wilson,NYJ,WR,1.8,12.9,38.4
Ja'Marr Chase,CIN,WR,1.3,12.4,38.2
Matthew Golden,GB,WR,0.5,12.3,35.6
Michael Wilson,ARI,WR,1.7,12,34.5
Devaughn Vele,NO,WR,1.3,11.6,33.8
Drake London,ATL,WR,0.9,11.2,31.1
Stefon Diggs,WAS,WR,0,10.9,34
Parker Washington,JAX,WR,0,10.8,32.5
Rashee Rice,KC,WR,0,10.6,32
Carnell Tate,TEN,WR,1.5,10.5,29.2
Mike Evans,SF,WR,0,10.4,32.7
Luther Burden III,CHI,WR,1.1,10.2,29.8
Kalif Raymond,CHI,WR,0,9.6,29.2
Malik Nabers,NYG,WR,0,9.3,27.8
Tre Tucker,LV,WR,0,9.2,28.7
Denzel Boston,CLE,WR,0,9.1,30.1
Roman Wilson,PIT,WR,0,9.1,28.9
DK Metcalf,PIT,WR,0,9,27.2
George Pickens,DAL,WR,0,8.7,25
Romeo Doubs,NE,WR,0,8.7,29.3
Jaylen Waddle,DEN,WR,0,8.6,26.4
Malik Washington,MIA,WR,0.5,8.6,23.8
Terry McLaurin,WAS,WR,0,8.4,26.5
Jameson Williams,DET,WR,0,8.2,24.1
Wan'Dale Robinson,TEN,WR,0,8.2,27.2
Josh Downs,IND,WR,0,7.8,22.6
Keenan Allen,IND,WR,0,7.8,25.2
Dontayvion Wicks,PHI,WR,0,7.7,24.7
Rome Odunze,CHI,WR,0,7.7,23.2
Mack Hollins,NE,WR,0,7.6,22.6
DJ Moore,BUF,WR,0,7.5,24.1
Emeka Egbuka,TB,WR,0,7.5,23.7
Tre Harris,LAC,WR,0,7.1,21.6
KC Concepcion,CLE,WR,0.4,6.9,19.8
Khalil Shakir,BUF,WR,0,6.8,20.9
Xavier Worthy,KC,WR,0,6.7,22.1
Jordan Addison,MIN,WR,0,6.6,22
Chris Godwin Jr.,TB,WR,0,6.5,17.9
Kendrick Bourne,ARI,WR,0,6.3,18.7
Antonio Williams,WAS,WR,0,6,20.8
Xavier Hutchinson,HOU,WR,0,6,18.5
Ryan Flournoy,DAL,WR,0,4.9,15
Courtland Sutton,DEN,WR,0,3.6,12.2
Quentin Johnston,LAC,WR,0,3.3,12.6
